-- 常数修改
update world.item_template set stackable=200 where stackable=20;
update world.item_template set stackable=1000 where entry=6265; -- 灵魂碎片
UPDATE `world`.`item_template` SET `maxcount`='0' WHERE `entry`='6265';

-- 初始化
delete from world.item_template where entry>=60000;
delete from world.creature_template where entry >= 43500 and entry <70000;
delete from world.creature_template_movement where CreatureId >= 44000 and creatureId<70000;
delete from world.creature_equip_template where CreatureID >= 44000 and creatureId<70000;
delete from world.creature_template_spell where CreatureID >= 44000 and creatureId<70000;
delete from world.creature_template_resistance where CreatureID >= 44000  and creatureId<70000;
delete from world.quest_template where ID>=27000;
delete from world.creature_queststarter where quest>=27000;
delete from world.creature_questender where quest>=27000;
delete from world.creature_template_movement where creatureid >= 45000 and creatureId<70000;
delete from world.spell_script_names where spell_id >= 81001 or spell_id <= -85001;
delete from world.creature where id >= 43500 and id < 70000;
delete from world.quest_template where ID >= 27000;
delete from world.quest_template_addon where ID >= 27000;
delete from world.playercreateinfo_item;
delete from world.trainer_spell where SpellId>=81000;

-- 角色初始优化
insert into world.playercreateinfo_item (`race`, `class`, `itemid`, `amount`) VALUES ('0', '6', '40582', '-1');
INSERT INTO world.playercreateinfo_item (`race`, `class`, `itemid`, `amount`) VALUES ('0', '0', '3914', '2');
INSERT INTO world.playercreateinfo_item (`race`, `class`, `itemid`, `amount`) VALUES ('0', '0', '60000', '1'); -- tele bookplayercreateinfo_item
insert into world.playercreateinfo_item (`race`, `class`, `itemid`, `amount`) VALUES ('0', '0', '11000', '1'); 
insert into world.playercreateinfo_item (`race`, `class`, `itemid`, `amount`) VALUES ('0', '0', '11602', '1');
insert into world.playercreateinfo_item (`race`, `class`, `itemid`, `amount`) VALUES ('0', '0', '28395', '1');
insert into world.playercreateinfo_item (`race`, `class`, `itemid`, `amount`) VALUES ('0', '0', '24490', '1');

-- 雷神
INSERT INTO `world`.`creature_template` (`entry`, `difficulty_entry_1`, `difficulty_entry_2`, `difficulty_entry_3`, `KillCredit1`, `KillCredit2`, `modelid1`, `modelid2`, `modelid3`, `modelid4`, `name`, `subname`, `IconName`, `gossip_menu_id`, `minlevel`, `maxlevel`, `exp`, `faction`, `npcflag`, `speed_walk`, `speed_run`, `scale`, `rank`, `dmgschool`, `BaseAttackTime`, `RangeAttackTime`, `BaseVariance`, `RangeVariance`, `unit_class`, `unit_flags`, `unit_flags2`, `dynamicflags`, `family`, `type`, `type_flags`, `lootid`, `pickpocketloot`, `skinloot`, `PetSpellDataId`, `VehicleId`, `mingold`, `maxgold`, `AIName`, `MovementType`, `HoverHeight`, `HealthModifier`, `ManaModifier`, `ArmorModifier`, `DamageModifier`, `ExperienceModifier`, `RacialLeader`, `movementId`, `RegenHealth`, `mechanic_immune_mask`, `spell_school_immune_mask`, `flags_extra`, `ScriptName`, `VerifiedBuild`) VALUES 
('45003', '0', '0', '0', '0', '0', '32670', '0', '0', '0', '雷神', '', 'vehichleCursor', '0', '1', '80', '0', '188', '0', '1', '1.14286', '6', '0', '0', '2000', '2000', '1', '1', '1', '0', '2048', '0', '0', '72', '0', '0', '0', '0', '0', '780', '0', '0', '', '0', '1', '7', '1', '1', '1', '1', '0', '1', '1', '0', '0', '0', '', '12340');
INSERT INTO `world`.`trainer_spell` (`TrainerId`, `SpellId`, `MoneyCost`, `ReqSkillLine`, `ReqSkillRank`, `ReqAbility1`, `ReqAbility2`, `ReqAbility3`, `ReqLevel`, `VerifiedBuild`) VALUES ('89', '81151', '950000', '202', '450', '0', '0', '0', '0', '0');
INSERT INTO `world`.`item_template` (`entry`, `class`, `subclass`, `SoundOverrideSubclass`, `name`, `displayid`, `Quality`, `Flags`, `FlagsExtra`, `BuyCount`, `BuyPrice`, `SellPrice`, `InventoryType`, `AllowableClass`, `AllowableRace`, `ItemLevel`, `RequiredLevel`, `RequiredSkill`, `RequiredSkillRank`, `requiredspell`, `requiredhonorrank`, `RequiredCityRank`, `RequiredReputationFaction`, `RequiredReputationRank`, `maxcount`, `stackable`, `ContainerSlots`, `StatsCount`, `stat_type1`, `stat_value1`, `stat_type2`, `stat_value2`, `stat_type3`, `stat_value3`, `stat_type4`, `stat_value4`, `stat_type5`, `stat_value5`, `stat_type6`, `stat_value6`, `stat_type7`, `stat_value7`, `stat_type8`, `stat_value8`, `stat_type9`, `stat_value9`, `stat_type10`, `stat_value10`, `ScalingStatDistribution`, `ScalingStatValue`, `dmg_min1`, `dmg_max1`, `dmg_type1`, `dmg_min2`, `dmg_max2`, `dmg_type2`, `armor`, `holy_res`, `fire_res`, `nature_res`, `frost_res`, `shadow_res`, `arcane_res`, `delay`, `ammo_type`, `RangedModRange`, `spellid_1`, `spelltrigger_1`, `spellcharges_1`, `spellppmRate_1`, `spellcooldown_1`, `spellcategory_1`, `spellcategorycooldown_1`, `spellid_2`, `spelltrigger_2`, `spellcharges_2`, `spellppmRate_2`, `spellcooldown_2`, `spellcategory_2`, `spellcategorycooldown_2`, `spellid_3`, `spelltrigger_3`, `spellcharges_3`, `spellppmRate_3`, `spellcooldown_3`, `spellcategory_3`, `spellcategorycooldown_3`, `spellid_4`, `spelltrigger_4`, `spellcharges_4`, `spellppmRate_4`, `spellcooldown_4`, `spellcategory_4`, `spellcategorycooldown_4`, `spellid_5`, `spelltrigger_5`, `spellcharges_5`, `spellppmRate_5`, `spellcooldown_5`, `spellcategory_5`, `spellcategorycooldown_5`, `bonding`, `description`, `PageText`, `LanguageID`, `PageMaterial`, `startquest`, `lockid`, `Material`, `sheath`, `RandomProperty`, `RandomSuffix`, `block`, `itemset`, `MaxDurability`, `area`, `Map`, `BagFamily`, `TotemCategory`, `socketColor_1`, `socketContent_1`, `socketColor_2`, `socketContent_2`, `socketColor_3`, `socketContent_3`, `socketBonus`, `GemProperties`, `RequiredDisenchantSkill`, `ArmorDamageModifier`, `duration`, `ItemLimitCategory`, `HolidayId`, `ScriptName`, `DisenchantID`, `FoodType`, `minMoneyLoot`, `maxMoneyLoot`, `flagsCustom`, `VerifiedBuild`) VALUES ('60001', '14', '0', '-1', '迷你雷神', '4375', '5', '64', '0', '1', '300', '0', '0', '-1', '-1', '300', '80', '202', '450', '0', '0', '0', '0', '0', '1', '1', '0', '0', '0', '0', '0', '0', '0', '0', '0', '0', '0', '0', '0', '0', '0', '0', '0', '0', '0', '0', '0', '0', '0', '0', '0', '0', '0', '0', '0', '0', '0', '0', '0', '0', '0', '0', '0', '0', '0', '0', '81152', '0', '-1', '-1', '0', '24', '60000', '0', '0', '0', '0', '-1', '0', '-1', '0', '0', '0', '0', '-1', '0', '-1', '0', '0', '0', '0', '-1', '0', '-1', '0', '0', '0', '0', '-1', '0', '-1', '0', '', '0', '0', '0', '0', '0', '8', '0', '0', '0', '0', '0', '0', '0', '0', '128', '0', '0', '0', '0', '0', '0', '0', '0', '0', '-1', '0', '0', '0', '0', '', '0', '0', '0', '0', '0', '12340');
UPDATE `world`.`item_template` SET `class` = '7', `subclass` = '3', `stackable` = '0' WHERE (`entry` = '60001');
UPDATE `world`.`item_template` SET `displayid` = '68742' WHERE (`entry` = '60001');
UPDATE `world`.`creature_template` SET `HealthModifier` = '700', `ArmorModifier` = '100', `DamageModifier` = '5' WHERE (`entry` = '45003');

INSERT INTO `world`.`spell_script_names` (`spell_id`, `ScriptName`) VALUES ('81152', 'spell_mini_thor_vehicle');
INSERT INTO `world`.`spell_script_names` (`spell_id`, `ScriptName`) VALUES ('81155', 'spell_mini_thor_cannon');
INSERT INTO `world`.`spell_script_names` (`spell_id`, `ScriptName`) VALUES ('81158', 'spell_mini_thor_nuc');
INSERT INTO `world`.`creature_template_spell` (`CreatureID`, `Index`, `Spell`, `VerifiedBuild`) VALUES ('45003', '0', '81155', '12340');
INSERT INTO `world`.`creature_template_spell` (`CreatureID`, `Index`, `Spell`, `VerifiedBuild`) VALUES ('45003', '1', '49691', '12340');
INSERT INTO `world`.`creature_template_spell` (`CreatureID`, `Index`, `Spell`, `VerifiedBuild`) VALUES ('45003', '2', '81154', '12340');
INSERT INTO `world`.`creature_template_spell` (`CreatureID`, `Index`, `Spell`, `VerifiedBuild`) VALUES ('45003', '3', '81003', '12340');


-- 召唤可乘坐地狱火alter
INSERT INTO `world`.`spell_script_names` (`spell_id`, `ScriptName`) VALUES ('81109', 'spell_hellfire_vehicle_warlock');

-- 多重施法
INSERT INTO `world`.`spell_script_names` (`spell_id`, `ScriptName`) VALUES ('81123', 'spell_multiple_trigger_aura');

-- 萨满的德鲁伊伙伴
INSERT INTO `world`.`creature_template` (`entry`, `difficulty_entry_1`, `difficulty_entry_2`, `difficulty_entry_3`, `KillCredit1`, `KillCredit2`, `modelid1`, `modelid2`, `modelid3`, `modelid4`, `name`, `subname`, `IconName`, `gossip_menu_id`, `minlevel`, `maxlevel`, `exp`, `faction`, `npcflag`, `speed_walk`, `speed_run`, `scale`, `rank`, `dmgschool`, `BaseAttackTime`, `RangeAttackTime`, `BaseVariance`, `RangeVariance`, `unit_class`, `unit_flags`, `unit_flags2`, `dynamicflags`, `family`, `type`, `type_flags`, `lootid`, `pickpocketloot`, `skinloot`, `PetSpellDataId`, `VehicleId`, `mingold`, `maxgold`, `AIName`, `MovementType`, `HoverHeight`, `HealthModifier`, `ManaModifier`, `ArmorModifier`, `DamageModifier`, `ExperienceModifier`, `RacialLeader`, `movementId`, `RegenHealth`, `mechanic_immune_mask`, `spell_school_immune_mask`, `flags_extra`, `ScriptName`, `VerifiedBuild`) VALUES ('45001', '0', '0', '0', '0', '0', '29250', '2121', '2255', '2208', '德鲁伊伙伴', '', '', '0', '0', '80', '0', '104', '1', '1', '1.14286', '1', '0', '0', '2000', '2000', '1', '1', '2', '0', '2048', '0', '0', '7', '0', '0', '0', '0', '0', '0', '0', '0', '', '0', '1', '1.5', '1', '1', '1', '1', '0', '0', '1', '0', '0', '64', 'npc_pet_shaman_druid_partner', '12340');
INSERT INTO `world`.`creature_template_spell` (`CreatureID`, `Index`, `Spell`, `VerifiedBuild`) VALUES ('45001', '0', '81000', '12340');
INSERT INTO `world`.`creature_template_spell` (`CreatureID`, `Index`, `Spell`, `VerifiedBuild`) VALUES ('45001', '1', '81001', '12340');
INSERT INTO `world`.`creature_template_spell` (`CreatureID`, `Index`, `Spell`, `VerifiedBuild`) VALUES ('45001', '2', '81002', '12340');
INSERT INTO `world`.`creature_template_spell` (`CreatureID`, `Index`, `Spell`, `VerifiedBuild`) VALUES ('45001', '3', '81003', '12340');

-- 召唤恶魔
INSERT INTO `world`.`spell_script_names` (`spell_id`, `ScriptName`) VALUES ('81108', 'spell_deamon_gate_warlock');
INSERT INTO `world`.`creature_template` (`entry`, `difficulty_entry_1`, `difficulty_entry_2`, `difficulty_entry_3`, `KillCredit1`, `KillCredit2`, `modelid1`, `modelid2`, `modelid3`, `modelid4`, `name`, `subname`, `IconName`, `gossip_menu_id`, `minlevel`, `maxlevel`, `exp`, `faction`, `npcflag`, `speed_walk`, `speed_run`, `scale`, `rank`, `dmgschool`, `BaseAttackTime`, `RangeAttackTime`, `BaseVariance`, `RangeVariance`, `unit_class`, `unit_flags`, `unit_flags2`, `dynamicflags`, `family`, `type`, `type_flags`, `lootid`, `pickpocketloot`, `skinloot`, `PetSpellDataId`, `VehicleId`, `mingold`, `maxgold`, `AIName`, `MovementType`, `HoverHeight`, `HealthModifier`, `ManaModifier`, `ArmorModifier`, `DamageModifier`, `ExperienceModifier`, `RacialLeader`, `movementId`, `RegenHealth`, `mechanic_immune_mask`, `spell_school_immune_mask`, `flags_extra`, `ScriptName`, `VerifiedBuild`) VALUES 
('46029', '0', '0', '0', '0', '0', '9510', '0', '0', '0', '虚空传送门', '', '', '0', '1', '80', '0', '14', '0', '0.01', '0.01', '1', '0', '0', '2000', '2000', '1', '1', '2', '33555200', '2048', '0', '0', '10', '0', '0', '0', '0', '0', '0', '0', '0', 'AssistanceAI', '0', '1', '1', '0', '1', '1', '1', '0', '0', '1', '0', '0', '64', 'AssistanceAI', '12340');
INSERT INTO `world`.`creature_template_spell` (`CreatureID`, `Index`, `Spell`, `VerifiedBuild`) VALUES ('46029', '0', '81107', '12340');


INSERT INTO `world`.`creature_template` (`entry`, `difficulty_entry_1`, `difficulty_entry_2`, `difficulty_entry_3`, `KillCredit1`, `KillCredit2`, `modelid1`, `modelid2`, `modelid3`, `modelid4`, `name`, `subname`, `IconName`, `gossip_menu_id`, `minlevel`, `maxlevel`, `exp`, `faction`, `npcflag`, `speed_walk`, `speed_run`, `scale`, `rank`, `dmgschool`, `BaseAttackTime`, `RangeAttackTime`, `BaseVariance`, `RangeVariance`, `unit_class`, `unit_flags`, `unit_flags2`, `dynamicflags`, `family`, `type`, `type_flags`, `lootid`, `pickpocketloot`, `skinloot`, `PetSpellDataId`, `VehicleId`, `mingold`, `maxgold`, `AIName`, `MovementType`, `HoverHeight`, `HealthModifier`, `ManaModifier`, `ArmorModifier`, `DamageModifier`, `ExperienceModifier`, `RacialLeader`, `movementId`, `RegenHealth`, `mechanic_immune_mask`, `spell_school_immune_mask`, `flags_extra`, `ScriptName`, `VerifiedBuild`) VALUES 
('46003', '0', '0', '0', '0', '0', '850', '0', '0', '0', '地狱猎犬', '', '', '0', '1', '80', '0', '90', '0', '1', '1.14286', '1', '0', '0', '2000', '2000', '1', '1', '2', '0', '2048', '0', '15', '3', '0', '0', '0', '0', '0', '0', '0', '0', 'AssistanceAI', '1', '1', '0.5', '1', '1', '1', '1', '0', '0', '1', '0', '0', '0', 'AssistanceAI', '12340');
INSERT INTO `world`.`creature_template` (`entry`, `difficulty_entry_1`, `difficulty_entry_2`, `difficulty_entry_3`, `KillCredit1`, `KillCredit2`, `modelid1`, `modelid2`, `modelid3`, `modelid4`, `name`, `subname`, `IconName`, `gossip_menu_id`, `minlevel`, `maxlevel`, `exp`, `faction`, `npcflag`, `speed_walk`, `speed_run`, `scale`, `rank`, `dmgschool`, `BaseAttackTime`, `RangeAttackTime`, `BaseVariance`, `RangeVariance`, `unit_class`, `unit_flags`, `unit_flags2`, `dynamicflags`, `family`, `type`, `type_flags`, `lootid`, `pickpocketloot`, `skinloot`, `PetSpellDataId`, `VehicleId`, `mingold`, `maxgold`, `AIName`, `MovementType`, `HoverHeight`, `HealthModifier`, `ManaModifier`, `ArmorModifier`, `DamageModifier`, `ExperienceModifier`, `RacialLeader`, `movementId`, `RegenHealth`, `mechanic_immune_mask`, `spell_school_immune_mask`, `flags_extra`, `ScriptName`, `VerifiedBuild`) VALUES 
('46004', '0', '0', '0', '0', '0', '4162', '0', '0', '0', '魅魔', '', '', '0', '1', '80', '0', '90', '0', '1.1', '1.14286', '1', '0', '0', '2000', '2000', '1', '1', '2', '0', '2048', '0', '17', '3', '0', '0', '0', '0', '0', '0', '0', '0', 'AssistanceAI', '1', '1', '0.6', '1', '1', '1', '1', '0', '0', '1', '0', '0', '0', 'AssistanceAI', '12340');
INSERT INTO `world`.`creature_template` (`entry`, `difficulty_entry_1`, `difficulty_entry_2`, `difficulty_entry_3`, `KillCredit1`, `KillCredit2`, `modelid1`, `modelid2`, `modelid3`, `modelid4`, `name`, `subname`, `IconName`, `gossip_menu_id`, `minlevel`, `maxlevel`, `exp`, `faction`, `npcflag`, `speed_walk`, `speed_run`, `scale`, `rank`, `dmgschool`, `BaseAttackTime`, `RangeAttackTime`, `BaseVariance`, `RangeVariance`, `unit_class`, `unit_flags`, `unit_flags2`, `dynamicflags`, `family`, `type`, `type_flags`, `lootid`, `pickpocketloot`, `skinloot`, `PetSpellDataId`, `VehicleId`, `mingold`, `maxgold`, `AIName`, `MovementType`, `HoverHeight`, `HealthModifier`, `ManaModifier`, `ArmorModifier`, `DamageModifier`, `ExperienceModifier`, `RacialLeader`, `movementId`, `RegenHealth`, `mechanic_immune_mask`, `spell_school_immune_mask`, `flags_extra`, `ScriptName`, `VerifiedBuild`) VALUES 
('46005', '0', '0', '0', '0', '0', '9129', '0', '0', '0', '恶魔卫士', '', '', '0', '1', '80', '0', '90', '0', '1', '1.14286', '1', '0', '0', '2000', '2000', '1', '1', '1', '0', '2048', '0', '0', '3', '0', '0', '0', '0', '0', '0', '0', '0', 'AssistanceAI', '1', '1', '0.8', '1', '1', '1', '1', '0', '0', '1', '0', '0', '0', 'AssistanceAI', '12340');
INSERT INTO `world`.`creature_template` (`entry`, `difficulty_entry_1`, `difficulty_entry_2`, `difficulty_entry_3`, `KillCredit1`, `KillCredit2`, `modelid1`, `modelid2`, `modelid3`, `modelid4`, `name`, `subname`, `IconName`, `gossip_menu_id`, `minlevel`, `maxlevel`, `exp`, `faction`, `npcflag`, `speed_walk`, `speed_run`, `scale`, `rank`, `dmgschool`, `BaseAttackTime`, `RangeAttackTime`, `BaseVariance`, `RangeVariance`, `unit_class`, `unit_flags`, `unit_flags2`, `dynamicflags`, `family`, `type`, `type_flags`, `lootid`, `pickpocketloot`, `skinloot`, `PetSpellDataId`, `VehicleId`, `mingold`, `maxgold`, `AIName`, `MovementType`, `HoverHeight`, `HealthModifier`, `ManaModifier`, `ArmorModifier`, `DamageModifier`, `ExperienceModifier`, `RacialLeader`, `movementId`, `RegenHealth`, `mechanic_immune_mask`, `spell_school_immune_mask`, `flags_extra`, `ScriptName`, `VerifiedBuild`) VALUES
('46006', '0', '0', '0', '0', '0', '5049', '0', '0', '0', '末日守卫', '', '', '0', '1', '80', '0', '90', '0', '1', '1.14286', '1', '0', '0', '2000', '2000', '1', '1', '1', '0', '2048', '0', '0', '3', '0', '0', '0', '0', '0', '0', '0', '0', 'AssistanceAI', '1', '1', '1', '1', '1', '1', '1', '0', '0', '1', '0', '0', '0', 'AssistanceAI', '12340');
INSERT INTO `world`.`creature_equip_template` (`CreatureID`, `ID`, `ItemID1`, `ItemID2`, `ItemID3`, `VerifiedBuild`) VALUES ('46005', '1', '22199', '0', '0', '18019');
UPDATE `world`.`creature_template` SET `modelid1` = '14255', `scale` = '1' WHERE (`entry` = '46005');

INSERT INTO `world`.`creature_template` (`entry`, `difficulty_entry_1`, `difficulty_entry_2`, `difficulty_entry_3`, `KillCredit1`, `KillCredit2`, `modelid1`, `modelid2`, `modelid3`, `modelid4`, `name`, `subname`, `IconName`, `gossip_menu_id`, `minlevel`, `maxlevel`, `exp`, `faction`, `npcflag`, `speed_walk`, `speed_run`, `scale`, `rank`, `dmgschool`, `BaseAttackTime`, `RangeAttackTime`, `BaseVariance`, `RangeVariance`, `unit_class`, `unit_flags`, `unit_flags2`, `dynamicflags`, `family`, `type`, `type_flags`, `lootid`, `pickpocketloot`, `skinloot`, `PetSpellDataId`, `VehicleId`, `mingold`, `maxgold`, `AIName`, `MovementType`, `HoverHeight`, `HealthModifier`, `ManaModifier`, `ArmorModifier`, `DamageModifier`, `ExperienceModifier`, `RacialLeader`, `movementId`, `RegenHealth`, `mechanic_immune_mask`, `spell_school_immune_mask`, `flags_extra`, `ScriptName`, `VerifiedBuild`) VALUES 
('46015', '0', '0', '0', '0', '0', '18916', '0', '0', '0', '魔眼', '', '', '0', '1', '80', '0', '16', '0', '1', '1.14286', '0.2', '0', '0', '2000', '2000', '1', '1', '1', '0', '2048', '0', '0', '3', '0', '0', '0', '0', '0', '0', '0', '0', 'AssistanceAI', '1', '1', '1', '0.3', '1', '0.9', '1', '0', '0', '1', '0', '0', '0', 'AssistanceAI', '12340');
INSERT INTO `world`.`creature_template` (`entry`, `difficulty_entry_1`, `difficulty_entry_2`, `difficulty_entry_3`, `KillCredit1`, `KillCredit2`, `modelid1`, `modelid2`, `modelid3`, `modelid4`, `name`, `subname`, `IconName`, `gossip_menu_id`, `minlevel`, `maxlevel`, `exp`, `faction`, `npcflag`, `speed_walk`, `speed_run`, `scale`, `rank`, `dmgschool`, `BaseAttackTime`, `RangeAttackTime`, `BaseVariance`, `RangeVariance`, `unit_class`, `unit_flags`, `unit_flags2`, `dynamicflags`, `family`, `type`, `type_flags`, `lootid`, `pickpocketloot`, `skinloot`, `PetSpellDataId`, `VehicleId`, `mingold`, `maxgold`, `AIName`, `MovementType`, `HoverHeight`, `HealthModifier`, `ManaModifier`, `ArmorModifier`, `DamageModifier`, `ExperienceModifier`, `RacialLeader`, `movementId`, `RegenHealth`, `mechanic_immune_mask`, `spell_school_immune_mask`, `flags_extra`, `ScriptName`, `VerifiedBuild`) VALUES 
('46016', '0', '0', '0', '0', '0', '21503', '0', '0', '0', '狂乱祭司', '', '', '0', '1', '80', '0', '1813', '0', '1', '1.14286', '0.3', '0', '0', '2000', '2000', '1', '1', '1', '0', '2048', '0', '0', '3', '0', '0', '0', '0', '0', '0', '0', '0', 'AssistanceAI', '1', '1', '1', '0.3', '1', '1.6', '1', '0', '0', '1', '0', '0', '0', 'AssistanceAI', '12340');
INSERT INTO `world`.`creature_template` (`entry`, `difficulty_entry_1`, `difficulty_entry_2`, `difficulty_entry_3`, `KillCredit1`, `KillCredit2`, `modelid1`, `modelid2`, `modelid3`, `modelid4`, `name`, `subname`, `IconName`, `gossip_menu_id`, `minlevel`, `maxlevel`, `exp`, `faction`, `npcflag`, `speed_walk`, `speed_run`, `scale`, `rank`, `dmgschool`, `BaseAttackTime`, `RangeAttackTime`, `BaseVariance`, `RangeVariance`, `unit_class`, `unit_flags`, `unit_flags2`, `dynamicflags`, `family`, `type`, `type_flags`, `lootid`, `pickpocketloot`, `skinloot`, `PetSpellDataId`, `VehicleId`, `mingold`, `maxgold`, `AIName`, `MovementType`, `HoverHeight`, `HealthModifier`, `ManaModifier`, `ArmorModifier`, `DamageModifier`, `ExperienceModifier`, `RacialLeader`, `movementId`, `RegenHealth`, `mechanic_immune_mask`, `spell_school_immune_mask`, `flags_extra`, `ScriptName`, `VerifiedBuild`) VALUES 
('46025', '0', '0', '0', '0', '0', '4449', '0', '0', '0', '小鬼', '', '', '0', '1', '80', '0', '90', '0', '1', '1.14286', '1', '0', '0', '2000', '2000', '1', '1', '8', '0', '2048', '0', '23', '3', '0', '0', '0', '0', '0', '0', '0', '0', 'AssistanceAI', '0', '1', '0.2915', '0.2915', '0.3', '1', '1', '0', '0', '1', '0', '0', '0', 'AssistanceAI', '12340');
INSERT INTO `world`.`creature_template` (`entry`, `difficulty_entry_1`, `difficulty_entry_2`, `difficulty_entry_3`, `KillCredit1`, `KillCredit2`, `modelid1`, `modelid2`, `modelid3`, `modelid4`, `name`, `subname`, `IconName`, `gossip_menu_id`, `minlevel`, `maxlevel`, `exp`, `faction`, `npcflag`, `speed_walk`, `speed_run`, `scale`, `rank`, `dmgschool`, `BaseAttackTime`, `RangeAttackTime`, `BaseVariance`, `RangeVariance`, `unit_class`, `unit_flags`, `unit_flags2`, `dynamicflags`, `family`, `type`, `type_flags`, `lootid`, `pickpocketloot`, `skinloot`, `PetSpellDataId`, `VehicleId`, `mingold`, `maxgold`, `AIName`, `MovementType`, `HoverHeight`, `HealthModifier`, `ManaModifier`, `ArmorModifier`, `DamageModifier`, `ExperienceModifier`, `RacialLeader`, `movementId`, `RegenHealth`, `mechanic_immune_mask`, `spell_school_immune_mask`, `flags_extra`, `ScriptName`, `VerifiedBuild`) VALUES 
('46026', '0', '0', '0', '0', '0', '1132', '0', '0', '0', '虚空行者', '', '', '0', '1', '80', '0', '90', '0', '1', '1.14286', '1', '0', '0', '2000', '2000', '1', '1', '2', '0', '2048', '0', '16', '3', '0', '0', '0', '0', '0', '0', '0', '0', 'AssistanceAI', '0', '1', '1.5', '0.2915', '1.5', '1', '1', '0', '0', '1', '0', '0', '0', 'AssistanceAI', '12340');

UPDATE `world`.`creature_template` SET `speed_walk`='1', `DamageModifier`='0.6' WHERE `entry`='46004';
UPDATE `world`.`creature_template` SET `DamageModifier`='0.5' WHERE `entry`='46003';
UPDATE `world`.`creature_template` SET `scale`='0.7', `DamageModifier`='0.7' WHERE `entry`='46005';
UPDATE `world`.`creature_template` SET `modelid1`='14385', `DamageModifier`='0.8' WHERE `entry`='46006';
UPDATE `world`.`creature_template` SET `modelid1`='22809', `scale`='0.7' WHERE `entry`='46006';
INSERT INTO `world`.`creature_template_spell` (`CreatureID`, `Index`, `Spell`, `VerifiedBuild`) VALUES ('46003', '0', '87257', '12340');
INSERT INTO `world`.`creature_template_spell` (`CreatureID`, `Index`, `Spell`, `VerifiedBuild`) VALUES ('46004', '0', '87258', '12340');
INSERT INTO `world`.`creature_template_spell` (`CreatureID`, `Index`, `Spell`, `VerifiedBuild`) VALUES ('46005', '0', '87259', '12340');
INSERT INTO `world`.`creature_template_spell` (`CreatureID`, `Index`, `Spell`, `VerifiedBuild`) VALUES ('46005', '1', '87260', '12340');
INSERT INTO `world`.`creature_template_spell` (`CreatureID`, `Index`, `Spell`, `VerifiedBuild`) VALUES ('46006', '2', '87261', '12340');
INSERT INTO `world`.`creature_template_spell` (`CreatureID`, `Index`, `Spell`, `VerifiedBuild`) VALUES ('46006', '1', '87262', '12340');
INSERT INTO `world`.`creature_template_spell` (`CreatureID`, `Index`, `Spell`, `VerifiedBuild`) VALUES ('46006', '0', '87263', '12340');
INSERT INTO `world`.`creature_template_spell` (`CreatureID`, `Index`, `Spell`, `VerifiedBuild`) VALUES ('46016', '0', '87273', '12340');
INSERT INTO `world`.`creature_template_spell` (`CreatureID`, `Index`, `Spell`, `VerifiedBuild`) VALUES ('46016', '1', '87275', '12340');
INSERT INTO `world`.`creature_template_spell` (`CreatureID`, `Index`, `Spell`, `VerifiedBuild`) VALUES ('46015', '0', '87276', '12340');
INSERT INTO `world`.`creature_template_spell` (`CreatureID`, `Index`, `Spell`, `VerifiedBuild`) VALUES ('46025', '0', '85984', '12340');

-- INSERT INTO `world`.`creature_template` (`entry`, `difficulty_entry_1`, `difficulty_entry_2`, `difficulty_entry_3`, `KillCredit1`, `KillCredit2`, `modelid1`, `modelid2`, `modelid3`, `modelid4`, `name`, `subname`, `IconName`, `gossip_menu_id`, `minlevel`, `maxlevel`, `exp`, `faction`, `npcflag`, `speed_walk`, `speed_run`, `scale`, `rank`, `dmgschool`, `BaseAttackTime`, `RangeAttackTime`, `BaseVariance`, `RangeVariance`, `unit_class`, `unit_flags`, `unit_flags2`, `dynamicflags`, `family`, `type`, `type_flags`, `lootid`, `pickpocketloot`, `skinloot`, `PetSpellDataId`, `VehicleId`, `mingold`, `maxgold`, `AIName`, `MovementType`, `HoverHeight`, `HealthModifier`, `ManaModifier`, `ArmorModifier`, `DamageModifier`, `ExperienceModifier`, `RacialLeader`, `movementId`, `RegenHealth`, `mechanic_immune_mask`, `spell_school_immune_mask`, `flags_extra`, `ScriptName`, `VerifiedBuild`) VALUES ('46001', '0', '0', '0', '0', '0', '7920', '0', '0', '0', '聪明的机械小鸡', '', '', '0', '1', '80', '0', '188', '0', '1', '1.14286', '1', '0', '0', '2000', '2200', '1', '1', '1', '0', '2048', '0', '0', '12', '0', '0', '0', '0', '0', '0', '0', '0', 'AssistanceAI', '0', '1', '0.1', '1', '1', '1', '1', '0', '0', '1', '0', '0', '66', 'AssistanceAI', '12340');

-- 传送书
INSERT INTO `world`.`item_template` (`entry`, `class`, `subclass`, `SoundOverrideSubclass`, `name`, `displayid`, `Quality`, `Flags`, `FlagsExtra`, `BuyCount`, `BuyPrice`, `SellPrice`, `InventoryType`, `AllowableClass`, `AllowableRace`, `ItemLevel`, `RequiredLevel`, `RequiredSkill`, `RequiredSkillRank`, `requiredspell`, `requiredhonorrank`, `RequiredCityRank`, `RequiredReputationFaction`, `RequiredReputationRank`, `maxcount`, `stackable`, `ContainerSlots`, `StatsCount`, `stat_type1`, `stat_value1`, `stat_type2`, `stat_value2`, `stat_type3`, `stat_value3`, `stat_type4`, `stat_value4`, `stat_type5`, `stat_value5`, `stat_type6`, `stat_value6`, `stat_type7`, `stat_value7`, `stat_type8`, `stat_value8`, `stat_type9`, `stat_value9`, `stat_type10`, `stat_value10`, `ScalingStatDistribution`, `ScalingStatValue`, `dmg_min1`, `dmg_max1`, `dmg_type1`, `dmg_min2`, `dmg_max2`, `dmg_type2`, `armor`, `holy_res`, `fire_res`, `nature_res`, `frost_res`, `shadow_res`, `arcane_res`, `delay`, `ammo_type`, `RangedModRange`, `spellid_1`, `spelltrigger_1`, `spellcharges_1`, `spellppmRate_1`, `spellcooldown_1`, `spellcategory_1`, `spellcategorycooldown_1`, `spellid_2`, `spelltrigger_2`, `spellcharges_2`, `spellppmRate_2`, `spellcooldown_2`, `spellcategory_2`, `spellcategorycooldown_2`, `spellid_3`, `spelltrigger_3`, `spellcharges_3`, `spellppmRate_3`, `spellcooldown_3`, `spellcategory_3`, `spellcategorycooldown_3`, `spellid_4`, `spelltrigger_4`, `spellcharges_4`, `spellppmRate_4`, `spellcooldown_4`, `spellcategory_4`, `spellcategorycooldown_4`, `spellid_5`, `spelltrigger_5`, `spellcharges_5`, `spellppmRate_5`, `spellcooldown_5`, `spellcategory_5`, `spellcategorycooldown_5`, `bonding`, `description`, `PageText`, `LanguageID`, `PageMaterial`, `startquest`, `lockid`, `Material`, `sheath`, `RandomProperty`, `RandomSuffix`, `block`, `itemset`, `MaxDurability`, `area`, `Map`, `BagFamily`, `TotemCategory`, `socketColor_1`, `socketContent_1`, `socketColor_2`, `socketContent_2`, `socketColor_3`, `socketContent_3`, `socketBonus`, `GemProperties`, `RequiredDisenchantSkill`, `ArmorDamageModifier`, `duration`, `ItemLimitCategory`, `HolidayId`, `ScriptName`, `DisenchantID`, `FoodType`, `minMoneyLoot`, `maxMoneyLoot`, `flagsCustom`, `VerifiedBuild`) VALUES ('60000', '15', '0', '-1', '穿越魔典', '24072', '5', '64', '0', '1', '0', '0', '0', '-1', '-1', '1', '0', '0', '0', '0', '0', '0', '0', '0', '1', '1', '0', '0', '0', '0', '0', '0', '0', '0', '0', '0', '0', '0', '0', '0', '0', '0', '0', '0', '0', '0', '0', '0', '0', '0', '0', '0', '0', '0', '0', '0', '0', '0', '0', '0', '0', '0', '0', '0', '0', '0', '0', '0', '0', '0', '-1', '0', '-1', '0', '0', '0', '0', '-1', '0', '-1', '0', '0', '0', '0', '-1', '0', '-1', '0', '0', '0', '0', '-1', '0', '-1', '0', '0', '0', '0', '-1', '0', '-1', '1', '', '0', '0', '0', '0', '0', '-1', '0', '0', '0', '0', '0', '0', '0', '0', '0', '0', '0', '0', '0', '0', '0', '0', '0', '0', '-1', '0', '0', '0', '0', 'telebook_script', '0', '0', '0', '0', '0', '12340');
UPDATE `world`.`item_template` SET `spellid_1`='85002', `description`='从你一睁眼开始，这本充满力量的魔典就属于你。' WHERE `entry`='60000';


